ground_truth,LSTM-Enc-Dnc,CONV1D-DENSE,CONV1D-LSTM,AttnLSTM
4462,6685.537897050381,6260.40567240119,6548.526489198208,2005.1054794490337
6496,7324.3113073408595,7415.911524862051,6916.499383926392,2768.155262887478
11269,9995.006571993232,10064.984443128107,9375.103881001472,6445.896404862404
14140,12066.283350870011,12362.748395055532,11564.421490997076,10895.040901049972
18040,15696.486806325613,15934.314805746078,15256.564878061414,14312.300713002682
19618,17770.627916879952,18224.878219090402,17445.77328723669,17733.85337271169
19631,19597.712919988204,17827.68125776946,19116.70350787044,18914.560818232596
18598,20151.613697186112,18562.10400236212,19769.504843860865,19896.57727992488
17797,19368.009760880377,17213.059039600194,18904.54543871805,18968.718804484233
16160,18047.977853834633,18547.157432060692,17735.809498101473,17663.99550568685
15872,17286.237604297698,17500.254715222865,17492.44890043512,16897.205010190606
15103,16526.446034640074,18351.534819744527,16590.163545377553,15684.131638646126
16858,16596.030607633293,16614.895487315953,17056.781862422824,15262.139959514141
17532,16368.10046545416,16819.934334538877,16529.378981806338,15414.038300588727
16478,17320.99237126112,18885.131635125726,18135.096604000777,16431.510228425264
16071,17676.79667404294,18499.326596815143,18418.00308162719,16380.481911405921
17036,16805.122440382842,17554.15860518068,16592.178504899144,15776.094496324658
17167,16751.963247463107,17089.887813791633,16308.591274030508,16320.622051037848
18607,17939.74582581222,18559.946848189462,17868.100160330534,17600.862686507404
19387,17859.47300354391,18434.732705697417,17611.25618116185,17431.005044210702
16274,18437.578204613183,18555.00923382491,18603.985217779875,18515.83081170544
15210,18228.86492497474,18552.205488163978,19302.150151230395,18986.930961081758
14695,14614.832534313204,18948.24292072095,16280.870616592469,14698.063998058438
16686,15229.305842272937,17059.91452445835,15754.514779135583,13972.13782183826
19234,17693.39184095338,17398.751238815486,16895.050775825977,18082.34487029165
21350,19930.285386953503,20421.324613386765,18793.10249780491,19947.06556020025
22150,21135.346367292106,20541.38909045607,20763.363408215344,21621.99266954884
21582,22302.806497789916,21000.32042890042,21865.82306432724,22583.196246884763
20321,22349.92898760736,21272.36653456837,22009.303598850962,22630.83116301149
20071,21147.82314497605,20817.630960263312,20864.91053575277,21277.70335968584
18532,19617.30187556473,20617.918207863346,19411.307174436748,19542.202652020613
18801,19472.089164927136,20530.4504676424,19414.229902274907,19785.390789400786
17972,18364.229999069124,20612.3798429966,18004.8395880647,18757.411275411025
17298,18537.86835479364,20446.502264020965,18452.550250239667,18960.61465831101
14655,17541.480214752257,19664.632771242526,17659.46586149931,17682.59497481957
12376,16570.593532055616,19511.98334148759,16662.11637466401,16290.747451215982
10191,14051.77033020556,16334.087329730393,14431.651953965425,12920.381508111954
11139,12021.33232228458,12550.48971554637,12638.81624430418,10364.066803231835
7323,10459.86570470035,11581.785005390644,10998.709853082895,8051.222042828798
5142,11959.542176827788,13735.24445296824,12885.739737719297,8970.080958217382
3987,8792.222603946924,9458.804265916348,8383.123629152775,6127.235563993454
3197,6786.057544142008,7008.288805007935,6659.586643278599,3991.2126260101795
2336,6780.295011013746,8109.188407689334,6709.006146073341,2465.3501475453377
1800,6609.914869070052,7274.959544092417,6296.913784086704,1589.2407254874706
1742,5790.7218489050865,6275.965913355351,5879.771322131157,1047.0031762123108
1901,5486.518729478121,6048.623820513488,5693.665094137193,790.3707371354103
1681,5887.265885382891,6546.440578341484,5960.453793466091,906.1901783049107
2036,6367.102465361358,6876.665026932956,6319.431343615055,1254.2791803479195
4284,6332.522594898939,6730.861493140459,6306.1941019296655,1855.8308778703213
6390,7038.516993582249,8106.036182940006,6674.269773900509,3053.8970201015472
11432,10033.488473907111,9957.57404908538,9271.032579421995,7047.650153100491
14929,12260.354815170169,12847.868659645319,11583.56900809705,11501.315096080303
19814,16104.24120952189,16193.761063821614,15456.669833675027,14581.669354707003
21295,18721.14156605117,19643.679279880715,18108.926656607542,18424.596519125625
21258,21236.267779968683,19056.896861003712,20234.66121302545,20492.67939299345
20209,21602.9455938451,19045.883089630865,20901.604639209807,21170.06843240559
19420,20480.818110842254,19202.71305946354,20152.18510361761,20050.55184174329
18088,19034.367841228846,19183.286116735082,19000.37456019968,19012.533699267544
17942,18231.846778925512,19184.20987100061,18641.907538484786,18231.683415666223
17251,17634.00922320783,19147.74577542115,17902.607911534607,17332.330861784518
18843,17778.311245720834,19200.159979321998,18292.472066968683,17152.7031038478
18906,17583.836263950914,19260.24506638199,17800.01870451122,17411.639271460474
18117,18433.7812862508,19049.786216010343,19319.80506246537,18566.340643813834
17533,18398.66490106285,19152.301916866563,19067.571752157062,18051.977698855102
18593,17753.181917909533,19146.682892302983,17609.029243577268,17238.850579872727
18967,17601.983892790973,19112.815236014318,17397.670325882733,17813.82530876249
20374,18816.11949049681,19784.394605647307,18839.8032213524,19232.64258817397
20245,19011.12602331862,19280.20564052556,18964.318142816424,19251.47622591071
18663,19674.605662988037,19285.38158422057,20018.62228102982,20195.708857042715
16688,18467.336450085044,18263.025948975235,19671.04015766084,19212.7783311978
14860,16412.791047163308,17885.86573228985,17782.158822752535,16522.99949324131
16990,15760.81952061504,17159.941745925695,16483.390253446996,15182.223061844707
20233,16974.022823616862,15800.307588376103,15844.06879518926,16936.991190351546
23012,20792.0255577527,18313.857908904552,19444.85255691409,21273.695631183684
24353,22490.537306971844,18648.85390777886,22124.871352568265,23055.152556970716
24698,24022.531966261566,22825.870835654438,23496.95980527997,24800.56824837625
24188,24453.507894702256,24002.973924152553,24123.986243903637,25151.28274179995
24033,23938.790412053462,22618.900827400386,23864.444508105516,24687.312398657203
23737,22996.172726742923,21252.945723436773,23248.11332629621,23571.049642063677
23774,22887.320531494915,21331.933100219816,23242.704089939594,23572.759773626924
23522,22853.434407420453,21075.249418511987,22921.041686415672,23692.051742486656
21828,22886.08574467897,20938.22107577324,22835.95672853291,23698.3553160429
18996,22316.075273402035,20321.7702548299,22361.84997983277,23167.479323774576
15659,20394.106746891517,17860.090834923092,20144.792733646933,20768.70585396327
12989,17522.561610601842,17991.623223006725,16929.822769656774,16930.459287807345
10584,14307.622012615206,14854.139124520125,14516.10506539047,12972.43934944272
7941,12062.72644072771,13654.710891842842,12649.088128954172,9897.875070139766
6221,10401.848535180092,10816.704203486444,10761.331796079874,7377.841899842024
4792,8677.02683377266,8603.476869493723,8709.055959939957,5201.077128529549
3814,7871.990210860968,8177.09613493085,7729.201086878777,3930.3521474301815
3053,7190.238394290209,7580.925059646368,7051.235677361488,2711.248204380274
2725,6687.88892647624,6809.310895293951,6578.448681890965,1821.9307387173176
2356,6287.485139995813,6675.28937086463,6327.6021344065675,1380.9918413162231
2327,6170.076155334711,6722.604276031256,6373.242237687111,1392.3195285499096
2058,6012.404185861349,6252.477809637784,6418.98745405674,1462.913479179144
2267,6372.360455662012,6276.221688538791,6624.364415049553,1577.1900937855244
4547,6842.562837064266,6555.885573357344,6644.59751677513,2226.7212447822094
6582,7740.991271704434,7992.441635489464,6938.372249841689,3568.591436266899
12004,10722.627404794095,10221.451115846634,9561.22996369004,7175.461829811335
15442,12944.365395233037,13585.989122122526,11834.791042894123,11920.177324965596
20021,16754.10288278758,18238.377513546497,15998.631169110537,15743.859231710434
20953,19183.18695275485,20062.68773183972,18596.036478389055,19825.077969820704
21276,21158.44861837849,20074.583759706467,20391.73403789103,21177.67205048725
20444,21119.50597075745,20012.227353979837,20633.083617776632,21441.188520956784
19071,20246.570380028334,19610.122875128058,20161.05110070109,20449.983186159283
17173,19231.571675583717,19522.643378117587,19352.87831198424,19531.208051012363
17446,18253.69146869332,19517.73211502051,18316.800345446918,18399.463176578283
16319,17249.11866877228,18221.300432320684,17155.55400440842,17093.322675958276
18120,17721.27834348753,19318.22385867545,18543.890312865376,17095.117481954396
18258,17399.81185908243,17998.027237959206,17432.92861374095,17246.26455642283
17222,18132.697981704023,19465.25513524702,18867.95922216773,18366.670958582312
16563,18018.52750211954,19443.59928406356,18732.82057918608,17911.725888051093
17953,17168.01603706181,18814.771561119705,16969.926332950592,16845.153300456703
18119,17035.168567441404,18395.160401474684,16688.323987580836,17353.30968248099
18740,18628.704312562946,19384.62843224546,18664.50772858038,19320.513845864683
18803,18632.364583909508,19338.11362747429,18368.35203805566,18984.251307262108
17318,18376.22296456248,19330.932943585794,18302.330652792007,18937.966948339716
15354,17379.966653853655,19327.516877683345,18291.71028905362,18128.57083305344
14243,15330.921585299076,18869.266566213217,16868.145036809146,15474.94958382845
16310,14848.66331654042,16345.283917583523,15618.833343841136,14012.353505760431
20078,17197.202146150168,16191.758075512947,15677.374910883604,16658.421065621078
22844,20478.385180801153,20297.041743665934,18852.328467849642,20677.2915552184
23895,22439.22898036241,19630.20889152412,21941.618360981345,23467.908007360995
24410,23988.410505659882,24092.767364464704,23354.72369293868,25012.26075413823
24216,24115.124334551398,24508.684382990006,23729.188488841053,25384.900086060166
22351,23682.434478797015,23925.246006563306,23638.531953275204,25159.41148735583
22154,22999.356485418968,23046.62671752274,23307.901651367545,24345.748583599925
22757,21399.926961798217,20281.958599343896,21425.09994073957,22881.53259603679
22301,21537.14553003013,20302.193963920698,21464.935465656217,23492.633233740926
22537,22135.44543734938,21375.868181601167,22266.02246424556,23896.47042248398
19647,21378.393961537633,20237.48233154416,21337.45285131037,22883.31543081999
16555,21075.59132803232,20438.58717541769,21335.28080611676,22532.314504228532
13935,18102.725714303557,20002.219091497358,17815.401713117957,17777.389754306525
10852,15208.08730533719,16596.38682421297,15201.537299983203,13889.63864594698
8131,12888.22683019936,13864.653264671564,13871.407948568465,10766.361457392573
6253,10556.648581475021,10703.468208462,11047.065961793063,8034.869949936867
4881,8833.025169283152,8465.33257612586,8916.687012732029,6040.440182566643
3872,7947.279212802648,7847.865588992834,7862.46112537384,4528.039187043905
2952,7306.053163766862,7365.569362729788,7104.796635866164,3245.606943666935
2530,6756.873478919268,6724.721720814705,6557.054664492607,2369.275616198778
2242,6189.452001422644,6323.363741070032,6145.63969796896,1806.9906649887562
2384,6006.120758980513,6140.798656255008,6134.9088194966325,1575.6869766116142
2102,5920.220006734134,5970.308729529381,6273.020411014557,1562.0748315751553
2353,6366.2802474200735,6292.138146072626,6623.943962693214,1771.054835677147
4388,6669.805971384049,6295.097663491964,6616.266035497189,2450.6635131537914
6600,7527.812583655118,7886.1664628088465,6923.0654482245445,3779.09674808383
11844,10390.251057684423,9697.262651890516,9276.942270874975,7188.892946749926
15429,12844.613073691726,13548.353380575776,11780.688168019055,11874.415173709393
19536,16769.31449866295,17311.15203423798,15912.767206445336,15810.011278383434
20800,19264.623829489574,19698.986716996413,18545.62248897925,19672.778319381177
21237,20959.12514938414,19221.9365645675,20122.403645671904,20950.238713644445
20044,20981.650008432567,19618.171982919917,20476.9553508088,21386.348978515714
19195,20246.55417509377,19766.663122446742,20163.807399481535,20596.30535085313
16819,18976.95207916759,19753.777243160177,18940.89047912508,19289.10817170702
17002,18173.807856835425,19746.33275461616,18450.378643017262,18374.94408864528
15592,16976.663206018507,18202.652494374663,16867.42647205293,17034.485332362354
17319,17242.50048590079,19219.250779150985,18098.64528258145,16709.166453242302
18062,16772.30817783624,17415.33896021545,16965.367636673152,16713.37915226817
16821,17508.06417977065,19628.20185198181,18326.50082366541,17753.09943333268
16158,17848.544600058347,19816.871265390426,18970.47134625912,17753.930264707655
17614,16850.969850033518,18915.038352835923,16768.609657004476,16469.870958305895
17978,16642.105762310326,18240.714089922607,16266.174930796027,16795.53525071591
18693,18323.837082799524,19789.750920483377,18510.588296387345,18954.90657960251
18743,18571.022337004542,19810.65222027665,18377.043576609343,18819.91421900317
17213,18418.10848669708,19810.65222027665,18355.296554420143,18876.223300825804
15389,17399.48323468864,19807.685987298846,18252.510406345133,18124.968227915466
13926,15255.180013112724,19127.7863692008,16816.94970677048,15444.62299772352
16336,14756.57753494382,16582.191885493696,15707.043956220148,14108.178685501218
19647,16697.712046340108,15829.467711172998,15360.621288619937,16164.995991051197
22732,20637.659394931048,20584.777364788577,19038.02125102654,20729.473707376048
24064,22076.953507043418,19906.131913732268,21694.529606431723,22906.17986354232
24881,23876.99705480784,23520.68587335199,23282.16529546678,24928.788114249706
24507,24321.183362700045,24360.213020600382,23881.51428981125,25442.588485196233
24438,24152.472183026373,24261.613731250167,24030.277341023088,25447.299303472042
23792,23245.033220805228,22918.029320470992,23483.252474501733,24290.575891062617
24517,23156.586687937383,23285.82235502452,23566.6813172698,24521.458543121815
24126,22890.896128408607,22497.804709158838,22930.37105703354,24672.292322188616
23957,23630.806433208287,23207.084183856845,23705.662427619103,25103.81425473094
22825,22997.7891324684,23003.989636801183,23047.201335743066,24488.102656185627
21086,22431.01234858483,22340.997294843197,22686.242403864857,23821.13674747944
17957,20962.70395808667,20497.359845265746,21229.65178695321,21710.996155798435
14729,19158.762466602027,19186.49414631538,19100.89303936809,19145.66796703171
11814,16204.135725714264,18184.106895700093,15920.948508545756,14965.996970154345
9221,13475.22211676836,13387.740580454467,13688.859798640013,11527.836880341172
7049,11257.119871288538,11776.38086721301,11507.858969837429,8963.107288718224
6102,9604.225888818502,10032.666839927437,9647.715845465658,6788.030166447163
4971,8365.79048076272,8542.15272539854,8278.616692215204,4827.247098892927
4205,8154.978005141021,8455.411068439484,7898.293009519576,3650.5703023672104
3238,7496.473700106144,7973.771215021608,7215.345239579678,2779.834495007992
3474,7018.02694875002,7225.973340809344,6797.151646733284,2289.804281234741
2952,6391.854261994362,6548.96679624915,6450.983878374101,1941.320521146059
2858,6878.96233189106,6967.278349339962,6962.162845671177,2074.1869695186615
4621,6886.744204252957,6885.493358492851,6876.673202395439,2751.9246340095997
6570,7112.377625435591,7796.732742846012,6937.423896193503,3835.55182030797
11368,9796.735839784144,10088.720730528235,9000.166660159826,6837.220756292343
14644,12532.685310140252,13441.047515660524,11395.332488164308,11500.488790407777
18846,16328.79868144542,16845.368782289326,15435.128073990345,15295.100796423852
19936,18609.997394494712,19945.763508306816,17946.26794699952,18685.953280590475
20315,20510.315033495426,19082.509891512804,19762.89206263423,20436.786018839106
19285,20581.45316334628,19123.010475703515,20060.955117754642,20997.48777713999
18492,19766.535672826227,19227.21543149557,19482.738526009023,19978.30582723301
16873,18571.008029945195,19329.13437833684,18426.614179469645,18893.648788144812
16492,17844.70534447953,19175.825715237293,18037.746554516256,17982.248157393187
15440,17084.061628848314,17908.343874409795,17143.939592026174,16914.751596547663
17341,17029.034342750907,17892.712098158896,17490.363573540002,16544.64665799588
17377,16568.561929628253,16994.325124792755,16767.27384483069,16551.27462222427
16922,17535.963529460132,19121.82974183373,18681.633278619498,17829.570081584156
16465,17485.98473743722,18795.01964375749,18209.92748806253,17135.953917063773
17797,16992.474842444062,18205.20834833384,16871.43361659348,16554.713572122157
18924,16966.036856673658,18108.238457854837,16694.895599514246,17386.57257353142
19579,18414.14221946895,19030.24751762953,18293.074715346098,19072.234174614772
19159,19289.787100069225,18815.06120607629,19249.136072769757,19913.301666589454
17343,19039.54276299104,18764.647216666493,19298.731056027118,19790.47603655886
15856,17511.918910332024,18722.3266431354,18492.18708221987,18150.837581072003
14769,15254.91022285074,18185.006780534983,16955.37284180522,15472.200876548886
16980,15288.29647579044,16476.60286770016,16266.793054156004,15179.577131807804
21604,17540.920779533684,16817.934849999845,16313.213622123003,17948.766864702106
24026,20892.10358387977,20138.989323206246,19231.941469270736,21164.666933540255
26085,23621.297494396567,20636.19693608396,23030.89887958765,24933.810768023133
27462,24777.310809493065,24457.428612925112,24159.793017700318,25928.359866976738
27681,25880.008429959413,26532.094412982467,25081.245890542865,27158.980700820684
26427,26227.26995840669,26537.8546102643,25535.03661496937,27321.704522147775
25444,25884.703481271867,26197.37754775584,25565.51590703428,26761.11831524968
25168,24786.588207528,24980.372362717982,24641.428783386942,26186.192931115627
25376,24278.310069508847,23861.867777518924,24118.191592887048,26268.083035051823
26024,24278.516207955778,23548.114549987018,24096.585013464093,26208.0342631042
26428,24304.26687091589,24053.885448850688,24462.334182396535,26185.27727931738
25890,24393.96074577421,24825.26924034953,25030.98957076669,26280.718796283007
25472,24187.537617564198,25378.50045081973,25167.93440699577,26114.527994900942
24841,23309.228704117242,24011.906200878322,24397.88934747875,25179.296547964215
22159,22754.950158506632,22948.751540564,23902.69808103144,24531.249827370048
20046,21931.10384028405,22311.422267325226,23208.604819878936,23536.392980650067
17945,19482.833693502005,18156.935308162123,20235.684313759208,20721.6869443357
15954,18050.44538360089,17710.137231986966,18022.253177165985,19210.890967287123
14210,16029.694130800664,17684.771545715634,16433.951771900058,16770.252049021423
12146,14504.1104940027,15092.859125293791,14959.042279407382,14307.367989316583
10342,12991.345690399408,14264.408853769302,13727.888288617134,12244.552814111114
8970,11369.35670800507,12526.048002526164,11863.711157470942,9639.366362422705
5302,10203.319691941142,11348.214378058909,10418.199460148813,7313.1564727425575
3600,9563.725815594196,10229.480587929489,9603.104682534931,5536.052688747644
3192,7073.068833887577,6682.042302876712,7189.090325772762,3681.396467626095
3473,6000.076756358147,6533.68452101946,6563.1115142703065,3123.1992476582527
4304,6775.107096105814,7299.915727287531,6921.638246059418,3383.94044059515
4478,7751.996612131596,8841.441223949194,7166.785328269005,4326.582944273949
6310,8601.635054588318,8564.678460389376,8014.870432853699,5896.745918095112
7465,8977.866334348917,9402.035022348167,8123.64846497774,6933.081557691097
11664,10578.282607093452,11342.91434252262,10118.812272086741,8374.371212601662
12000,12251.915402039886,12118.531563684342,11508.772869750857,10522.36127577722
14970,15463.356194064021,16541.943207740784,15129.369572825732,13706.02359816432
15205,16208.936474077405,15778.653708063066,15309.893127866091,15231.047507762909
17118,16970.30036035925,18227.49173925817,16620.226472817358,15633.441727377474
17495,17378.33141536638,18415.1738606412,17060.58432842046,17019.851546496153
19508,18267.87735600769,19028.051967981268,17739.414731066674,17499.93441228196
20017,18614.074687423185,19069.634195056744,18079.895151354373,18287.011441990733
20707,19578.793841368984,18694.12268447317,19465.791084259752,19768.781059947796
20941,20046.834926120937,19068.6025538845,19932.986355371773,20591.070427035913
20725,20281.149958509952,19068.6025538845,20190.460867084563,21042.488004490733
19358,20390.225519072264,19068.6025538845,20451.760619297624,21653.041032198817
20008,20168.686836671084,19290.650377810933,20170.133747540414,21290.93476175517
20758,18943.79758599028,19048.720924050547,18838.775886897,19582.557065602916
21068,19345.912799698766,19061.080179461278,19819.394435748458,20461.349487854168
20316,19909.163495663557,19061.080179461278,20754.51405403763,21084.121547192335
19248,19870.646683794912,19059.651261908934,20634.23460610211,20651.539651339874
20449,19229.72343710065,19034.191302335817,19485.113789841533,19830.472406400368
23133,18890.87956921384,19617.308431446203,18371.6217850782,19230.338275676593
23733,21019.377431951463,20166.41117479,20070.506393782794,23456.411263242364
25602,23397.771882630885,21964.39607540518,22848.43365220725,25851.67461283505
27074,23209.544122122228,22645.618238799278,23099.351443007592,24494.582294166088
25487,24924.963165730238,24951.244357809424,24523.358170226216,26666.77814987302
22437,25508.4955599755,26218.696234107018,25430.266311347485,26498.670786499977
21569,23725.545444361866,23084.9416064173,23811.375829234716,24464.44958331436
21542,21250.135700188577,21727.776292547584,21085.186985142533,21824.404565487057
22661,21322.548253249373,21597.837097715583,20744.977377049625,22121.485835157335
23754,21809.38989066333,21224.02677678317,21224.21568836272,22710.59915047139
25114,22876.903240405023,21359.473751492802,22234.72153820097,24418.4883011505
25308,23273.75800022483,23316.713632002477,23099.759048208594,25593.324742674828
25251,24055.753250047565,24102.045930422843,24131.799066230655,26549.38318029046
25423,23652.378266915683,23724.171090722084,23987.935452893373,26341.28145444393
23964,23410.310998216268,23268.89418400824,23781.785326734185,26094.756222844124
22134,23265.975835882127,23118.74072021246,23942.58557853103,25762.65725749731
20253,21723.035400249064,20651.01824662089,22352.369947120547,23536.747153364122
19354,20240.32272079587,19477.458637148145,20395.66088771075,21739.839187443256
17470,18500.778836334124,19258.14579740353,18500.07085588202,19252.853024889715
14916,17798.101266577843,19266.519587848336,18020.916051078588,18340.52086588368
13069,15835.880485549567,18324.30585797876,16210.880190283058,15824.833391867578
10617,13738.146742150187,13971.928179621696,13816.917907148601,12897.368749141693
6053,12313.894167095425,12574.414622545242,12724.926638767123,10485.108613044024
4097,10444.966508284211,9606.282601594925,10680.191498845816,7382.058102637529
3219,6982.352734237909,5505.478794902563,7400.473915845157,4276.208080291748
3050,6142.945299118757,5757.285375267267,6820.5942014455795,2733.702696055174
3114,6571.435303002597,6594.549671292305,6907.651197671889,2210.963624805212
3521,6754.362444013357,6509.297116428615,6683.370231568813,2413.473334312439
4745,6946.666840493679,6132.305518656969,6772.305248320103,3269.015628606081
6290,7714.820448368788,8243.237962275743,7212.813182055949,4632.926866948605
8298,9213.992377668621,8899.529052823782,8688.410581320524,6390.609255850315
9919,10824.969012096524,11863.525457680225,10498.24074164033,8665.610384374857
13441,12538.432660266755,11436.129213884473,12372.758664906023,10749.58365648985
15096,13998.320908367634,14030.364049613476,13463.876326724887,12341.788845092058
18880,16671.143253169954,16307.835043750703,16229.18008711189,14854.021164275706
20210,18249.86943998188,18979.23252223432,17510.48703647405,16983.23219012469
22395,20029.653972724453,19148.3510516258,19533.031927347187,19060.451143318787
22791,20934.401236917824,19331.697349328082,20358.18807145208,21201.344394091517
22619,21812.764166813344,19940.867610699497,21673.05325044692,22282.483757957816
22916,22053.169918753207,20056.816873833533,21937.920132130384,22695.79689168185
22472,21703.50816211477,19506.681700056884,21587.950189754367,22256.20636162907
22015,21688.931458495557,19771.11995392153,22146.445814102884,22400.394657619298
23848,21313.11712732166,19510.103423087392,21759.06612332165,22157.50254315138
22149,20741.849824678156,19510.364380930085,21242.008122555908,21839.709907200187
19787,22080.177267089486,20503.64298016578,23329.473777055744,23901.090726710856
18399,20219.62996829115,18508.270187797025,21082.129946134984,21398.817434746772
18309,18280.602171383798,18556.3947557304,18273.654196195304,18800.749475035816
17623,18031.777444969863,18616.691638365388,17564.410343155265,18075.999397490174
18567,19039.422977866605,18541.4112498574,18459.69648039341,19276.58431211859
18557,18658.99644493312,18590.760823249817,17537.830600704998,18319.212690841407
20670,20092.29020555317,18589.48194733262,18140.19926051423,19733.58509174222
16805,19474.452968513127,18632.980590408668,17902.931572254747,18255.935633145273
14576,21520.81095598638,19068.90026481077,19941.008819915358,21624.9251787439
14056,16324.069176398218,20208.240089146417,16323.532807663083,16414.665271937847
14591,14839.89863679558,16147.748393036423,14554.307833656667,14458.719158366323
13904,15330.766543492677,18033.928029574454,16302.845383808015,14323.142544180155
14487,16555.236509740353,18613.320646999404,16876.187356047332,14884.257528312504
15516,15668.762061156332,16910.37071657926,14851.067194491623,13560.791178822517
14292,16014.921654053032,18240.049249634147,14685.3937830925,14271.160033896565
12676,16774.854250438508,20140.40072191041,16029.634274736047,15463.821611464024
11970,15194.130914933981,17754.960518971086,14607.557540625334,13133.928675934672
10938,13366.109474644065,14956.957244493069,13229.81225183606,10943.177440196276
9181,12869.36370240152,14974.332438118754,13255.428311645985,10784.722378209233
7630,12275.13488341868,13600.37209647894,12432.06346976757,9816.737692713737
6241,10760.430743321776,11431.14860534668,10425.192400380967,7612.852576494217
5370,9419.004946619272,9998.655748069286,8969.389547675848,5694.475632846355
4199,8478.065274983644,9125.926295787096,7972.901112228632,4176.722045242786
3815,8032.718635380269,8604.018785864115,7447.075219929217,3202.900663495064
3367,7242.6594597399235,7604.719159245491,6717.216646254063,2238.211273342371
3278,7087.880436062813,7612.825714260341,6583.687985420227,1657.1262621879578
2542,7031.245503664018,7487.156008720398,6525.7262922525415,1224.6653193831444
2341,7059.384277611972,7021.09041133523,6635.043904900551,1119.9972090423107
2774,6428.798009037972,6346.1686097085485,6324.014274299146,1185.952168673277
3479,6343.290846914053,6943.645423144101,6338.58061259985,1400.9166113138199
5228,7369.9957917034635,8144.264645516872,6938.514736473559,2297.094457924366
5531,8455.183323413134,8953.589882463217,7716.2021015286455,4032.1588459014893
7133,10094.317418560386,11027.302949160337,9641.11123970151,6321.041909724474
8572,10234.46119646728,11210.836242318152,9633.59565383196,7150.600248396397
11251,11074.126742616296,12217.952778995037,10791.933136120439,7690.188947826624
11815,12490.745187595488,14372.157361581922,12282.244032010438,9906.013743042946
13223,14537.680110886691,15720.272730462251,14435.659098505974,11784.539394810796
12862,14763.331926859917,16921.18539354205,14522.017676651478,12620.708762824535
14360,15059.029645495117,16910.790876954794,14990.743219152093,13006.174227461219
14101,14777.350801154973,17519.59012196958,14574.724883288145,13354.183810725808
16056,15604.19225845486,18858.130637371916,15660.80821210146,13732.274424239993
16454,15704.718329124153,18040.184886202216,15617.090802408755,14166.063295736909
17460,16806.194885872304,19887.21144820424,17028.583816371858,15248.835562244058
17295,17311.20429880172,20011.365280658934,17483.418372169137,16379.997515253723
17872,17780.51263498515,20133.02302397508,17725.52783209458,16969.478726379573
17517,17650.7623517327,19831.297233920082,17510.799455933273,17245.174738075584
18228,17968.475422915068,19781.526003750507,17849.715881049633,17920.021792616695
17900,17752.248163301498,19816.000067669436,17624.839420098808,17795.66789856553
18245,18210.591014437374,19462.10075713927,18203.98859852925,18429.845385026187
17379,17929.744899347425,19537.165230405637,17924.353181838993,17882.09684408456
16921,18129.86708182841,19474.95035781106,18074.61920423433,17865.962276890874
17309,17454.18817397952,19635.701926371203,17431.325201161206,16774.775415621698
18431,17290.46796816215,19505.69805322913,17104.282175399363,16747.502072773874
19142,18114.023765485734,19958.43204438314,17872.510822340846,18816.236866779625
19449,19285.007520314302,19814.513812386896,18879.785612612963,20328.277484996244
18494,19708.599673969205,19393.84473329736,19153.513235725462,20428.658076230437
17217,19738.331203197595,19362.249198622536,18967.803079690784,20037.94170182757
16075,18623.265586145226,18663.235422231253,17838.07635831833,18316.959037013352
15157,17345.773365974426,17269.743170764297,16965.453187048435,16693.127655752003
14245,16439.006251581013,16597.755630217493,16595.773080565035,15602.679213933647
14069,15863.415151216092,15789.586637251079,16336.735303632915,14880.174468763173
13506,15161.672576986253,15308.495123781264,15435.70619598031,13851.21222038567
12936,14980.502576448025,15462.53718791157,15063.183072417974,13581.765911787748
10400,14340.455253913999,14481.517603427174,14130.155496582387,12534.81618604064
8189,13671.499204054475,13758.459262654185,13319.490651711822,11596.504341632128
6941,11247.599545225501,11391.088255211711,10897.565951034427,8978.98987647891
5164,9207.63186785579,9161.134508937597,9066.983547121285,7059.3982926905155
3940,8622.609787553549,8836.763691484928,8554.456796437502,5878.29857096076
3073,7523.399001836778,7377.503202110529,7267.731267333031,4430.07145217061
2690,6619.897108763455,6315.8983758986,6475.4518696665755,3105.074247330427
2006,6262.34092116356,6436.082346111536,6104.211125791073,2015.6751845180988
1584,6288.5362708866605,6333.608763486148,6038.760708987712,1519.319498628378
1495,5793.471140146256,6156.0657484829435,5820.875290393829,1193.1419039666653
1692,5469.212443321942,5704.875989049673,5768.447217404842,1046.4927937686443
1663,5745.508037596941,6180.850246965885,5973.805491626264,1112.0237972736359
2275,6322.630285292864,6305.950005978346,6315.885528743266,1448.4067049622536
4423,6517.750544637442,6610.273421496154,6409.464208185673,1966.2311553359032
6390,7383.791300684214,7699.350137501956,6963.1742671728125,2978.4783786833286
11694,10010.461699858308,10246.612853527071,9427.043762087822,7056.300960332155
14427,11856.611936226487,12368.3661057055,11442.106060922146,10618.841076478362
18672,16079.790445096789,16490.116907186806,15636.58052100986,14436.944398000836
19568,18143.29089924693,18492.774766581133,17739.039097763598,17768.64974693954
20068,20055.169372152537,18226.50353023037,19426.39761827886,18528.644170260057
18961,20152.05254433304,18224.035270512104,19684.198856510226,19257.39091753494
17965,19498.837489793546,17218.93398533762,19119.318925913423,18572.376251988113
15858,18297.703195035458,18681.69649246335,18025.54292487353,17681.37099129334
15942,17384.83105403185,17455.770271960646,17466.032229263335,16890.085058309138
14858,16236.380917675791,16889.748696424067,16239.327295958996,15685.726145811379
16031,16465.314889855683,16573.762691691518,17398.531377270818,15500.812367416918
15767,16141.635482944548,16876.25509559363,16469.789203681048,15660.459879003465
15718,16621.67031788826,17238.801819078624,17120.58813532442,16113.069249100983
14752,16341.659559875727,17714.846444368362,16602.301187358797,15325.589139893651
16556,16225.326232492926,16832.70382297784,15919.196623727681,15423.70169724524
16333,15819.865046523513,16276.670764721932,15317.918804198503,15495.603721871972
17782,17626.681380994618,18585.14982815832,17435.821705527604,17176.469903241843
17590,17375.850016511977,18226.222644697875,17098.98359976709,16976.2071320042
16525,17887.24972129613,18487.002744076774,17808.042774949223,17655.94033929333
15174,16770.3273800686,18526.905132597312,17643.303264148533,17070.601897791028
14241,15221.6460178867,17133.308862969283,16435.347148157656,14853.948169074953
16378,15192.774664103985,16044.362954363227,15779.05605760962,14354.52405692637
19480,16906.57876189053,15756.47893399745,15648.322529003024,16220.564025595784
22419,19822.395688173827,19116.885849881917,18567.30469143018,19686.305032659555
23262,21546.748194679618,19033.440254715268,21159.10805702209,21652.387433171272
22395,23284.772976018492,23719.309902332723,22862.756478518248,23362.129494026303
21663,23377.219937868416,23967.80133266002,23136.666005671024,23393.75335083902
21386,21889.778629310433,20783.32000412047,21705.5366987437,21827.894028063864
20673,20758.937855184082,20190.246699165556,20930.15890184045,20734.26226554066
21258,20562.135421438146,20016.509945910424,20792.336371317506,20904.36108398065
21186,20183.975973449647,19570.704663774115,19925.61675990373,20646.42816240713
20053,20648.147783346478,19851.007726505864,20538.469866387542,21049.334078378975
16936,20258.41326738894,19319.63412595401,20278.485487692054,20543.376384796575
14319,18879.964158874005,19081.936623703692,18614.524118874222,18660.289773900062
11226,15855.858104072513,17188.199502050877,15774.706419587137,14812.92515823245
8987,13412.369745150207,13969.446342796089,14279.317977532744,11910.052598640323
6616,10911.275617659092,11831.809334933758,11758.479524180293,9028.449088662863
5410,9533.188127368689,9836.846994578838,9846.911572858691,6768.702205210924
4152,8101.6996840536585,8427.809539169073,8077.959308922292,4625.522233784199
3405,7615.244483232497,7950.280775457621,7314.892006635667,3220.632073700428
2682,6933.568581670523,7400.262521743774,6612.3581644296655,2102.1587304472923
2180,6503.5661172270775,6666.744844645263,6221.991510033608,1392.1151419878006
1905,6076.85953208804,6547.380756527185,6038.2748529315,1028.7216741740704
2089,5682.590846240521,6217.581431984901,5996.871975064279,965.7484225034714
1981,5647.928053230047,6116.085401087999,6129.188331604004,1075.1746520102024
2213,6370.398344665767,6563.315900832415,6506.747540056706,1480.3038558065891
4205,6869.284920156002,6762.528563112021,6603.937438070774,2388.499632269144
6482,7497.190804958343,8014.86576116085,6865.512528181075,3659.9615729153156
11513,10023.444334283471,9702.835981458427,9100.013583481312,6869.746249824762
15263,12444.392651155591,13566.838685214521,11686.011056795714,11612.56094995141
19134,16373.344732657075,16340.17542145401,15652.814361676576,15342.070580281317
20366,19057.00810568966,19765.61005718308,18392.78937136382,18934.979181777686
21165,20755.46182372421,19299.705815689173,19899.89441908151,20438.073070218787
19723,20701.752684962004,19735.1432472975,20145.799775436517,20840.763285372406
18557,20173.914168987423,20034.14310457557,20114.830831564963,20368.852597286925
17106,18799.49541748688,19996.1658914797,18652.170955691487,19024.56192144286
17373,17677.591591779143,19943.5132852532,17860.07711182535,17743.65429232642
15714,16963.634730607268,18710.404336996377,17354.57527327165,16854.43624612689
16754,17445.380573056642,19538.30734981422,18368.889428723603,16866.87871606648
17156,16700.132567197084,17521.46580664814,16660.973561801016,16664.739238217473
16405,16962.759080179036,18855.427698083226,17420.074888840318,17105.215930007398
15565,17196.295983728018,19408.2401898331,17985.914852317423,16979.884338237345
17267,16602.922230526805,18282.586180940267,16458.357863262296,16195.901867069304
17711,16219.904148980977,17786.398530002683,15821.284949168565,16211.877012744546
18372,18028.450761690736,19754.446572653484,18162.616378646344,18381.06517419964
18579,18403.58711344004,20070.788483736105,18268.169774781916,18526.576581198722
16601,18233.35996943712,19835.29879432777,18116.06441931799,18401.556824926287
15939,17410.771358523518,19993.988919110037,18197.70984334126,17970.84586906433
14513,14822.929296486082,18339.94756157696,16459.43702431023,14998.392532229424
17001,15461.161958329383,17686.61569646746,16383.265948362648,14902.617281205952
20962,17065.924657307565,16856.84362784773,15925.256685294211,16622.05982027948
23400,20791.04596215859,21396.163475237787,18917.213171847165,20661.8922686819
23891,23145.560032911602,20501.212239980694,22426.714099183682,23677.49883530289
24112,24275.768084637817,24073.80671507865,23630.71621114016,24870.48830731213
23195,23991.507254056636,23966.882177092135,23564.45700751245,24759.970069602132
22527,23370.180864669386,22854.63152871281,23312.592030987144,24292.770418778062
21978,22085.21305999905,21062.33131184429,22368.11763975024,22920.127202540636
22624,21559.25679827109,20737.27331757173,21804.81017176807,22944.468474164605
21970,21384.629941537976,20291.75411731377,21226.480291470885,23104.69644358754
21085,21974.507078632712,20784.623698405918,21919.24270412326,23458.696305006742
19624,21024.659948639568,19881.99532065121,20836.156558252867,22236.36860191077
15974,19801.80264711333,19403.067019955717,19453.21284324676,20463.213712286204
12520,18111.607770331204,19350.05907309195,17835.822412509468,17870.522141091526
10173,14673.642139732838,16552.67116640508,14774.103390663862,13328.51694625616
7771,11713.040887653828,11942.80058154464,12147.586573392151,9861.533387511969
6287,10182.363645747304,10779.424094557762,10690.762955799699,7687.448999971151
4720,8778.506513744593,9258.806759238243,8860.071935027838,5732.262620449066
3642,8109.280673623085,8082.685894161463,7835.72502720356,4286.887570142746
2769,7163.8666881620875,7368.535887688398,6906.934092819692,2915.3859988451004
2406,6535.118730723857,6543.741507798432,6358.470344901085,1979.0058994293213
2194,6080.734701305628,6353.205347061157,6106.285357415676,1415.3871799111366
2275,5930.85277965665,6319.903184592725,6141.759857058525,1292.7015181779861
2021,5913.498608648777,6209.157201856375,6309.067193031311,1439.392673611641
2385,6350.813440322876,6297.943892359734,6589.910680294037,1705.9104147553444
4276,6678.672844409943,6397.211525768042,6587.023574113847,2322.23283714056
6311,7642.822654038669,7952.216024219991,6990.122927367686,3674.0899400115013
11643,10265.327071115376,9956.363496676087,9177.926908880472,7069.695871651173
14874,12415.236616089942,13062.636307224631,11428.036089986565,11202.924146518111
19720,16573.812328428034,17275.7908231467,15788.924132809043,15385.187093481421
20607,18907.225749494508,20146.201650514267,18217.12247901037,19290.13926541526
20838,21068.09180110693,19353.776937651917,20217.93217291683,20805.097465308383
19347,21010.46340402588,19547.84902697348,20470.52242975682,21436.47434490174
18316,19962.045817786828,19323.61875147512,19793.98334646225,20188.061441840604
16233,18429.678372006863,19357.22347905068,18407.23103386164,18786.44270766899
16420,17503.874255247414,19273.798304291442,17877.194632392377,17764.024771019816
14997,16539.35421396047,17210.079083524644,16687.079857379198,16417.71909915656
17341,16914.06894543022,18177.767700485885,17842.742503531277,16192.553431220353
17606,16378.570605069399,16365.18620505929,16411.454067066312,16216.284170985222
16850,17443.148379817605,19043.0954029141,18540.05675091222,17648.91805499047
15625,17528.124720841646,18743.650147169832,18516.480614982545,17321.090622801334
17210,16846.02924286574,18284.213535945863,16737.67516686767,16419.036808520555
17552,16304.284265205264,17170.855258390307,15887.115816958247,16447.758376151323
18531,18050.244500808414,18906.002714905888,18174.754604589198,18457.827438278124
18806,18327.84189149365,18640.39828971401,18242.04990209639,18511.360001649708
17322,18308.293630741537,18642.224921617657,18366.22889964655,18716.075699118897
15719,17491.469596821815,18639.702791441232,18460.55709381029,18263.648306056857
14717,15369.563492693007,18533.30104508251,16918.596107780933,15584.256393186748
16955,15065.897909924388,16753.986674427986,15939.340379327537,14325.143196642399
20647,17405.666950125247,16838.90315938741,16074.825603522359,16992.565064512193
23122,20945.32876446098,19961.913477487862,19189.90324117616,21043.07984957844
25031,22836.72609794885,19881.809547865294,22204.34852714837,23656.70951014757
25376,24080.960536733266,23385.25057787448,23466.534237682816,24992.021228834987
25849,25054.27971149981,25533.004428580407,24472.129554376006,26157.567717149854
24434,24523.144440278407,24119.20681013912,24284.000483378768,25593.04969675839
23690,24402.971857316792,24529.091505274177,24623.41123199463,25412.618407651782
24704,23144.662191942334,22275.3786970973,23348.12434282899,24475.630112223327
25221,22785.604639053345,20830.085109435026,22839.953945726164,24678.631225422025
24320,23775.009328238662,22840.156580403447,24058.824304133654,25209.96387566626
22823,23910.03409870714,23962.78860623389,24369.405452221632,25080.671272322536
21754,22717.53048275411,21906.82169477269,23076.188021942973,23859.879972212017
17946,21022.50629823655,18573.971927076578,21293.942747987807,21687.98295885697
14722,19751.017769088503,18062.820551965382,20075.01282549649,20035.28712185938
11815,16085.515020720659,18193.89088042825,16042.910641849041,15094.95029180497
9274,13524.557529091837,12901.052378952505,13589.40938524902,11751.99871827662
7241,11208.52083455026,11890.471782028677,11537.357790365815,9103.136610150337
6184,9629.20192670822,9800.338882893324,9679.004508316517,6786.375219255686
4956,8494.617082744837,8537.54059663415,8409.82235378027,4815.968464434147
4158,8142.179902583361,8377.640229672194,7913.9642031788835,3626.6453953683376
3499,7398.159092038871,7735.8150360286245,7175.413944959641,2742.7377500236034
3433,6946.312959760428,7057.632392793894,6784.6665475964555,2243.820808529854
2736,6645.000450283289,6732.6203854978085,6651.943753778935,2001.3225761651993
2534,6823.99402591586,6736.8015505969515,6922.028332412242,2095.6393830776215
4436,6559.669644564389,6306.835291773081,6703.755163311958,2571.489841133356
6559,6861.660717427731,7348.465127289294,6743.109503865242,3560.206915527582
11173,9820.057514443994,9808.120755255222,8948.470875024796,6819.28495952487
14477,12725.314389273522,13626.298239901662,11576.27123990655,11898.331321284175
19424,16214.121761158109,16511.338655911386,15305.146687932312,15284.856357969344
20059,18423.533636007454,19345.463404745333,17786.042751394212,18442.28223433532
20211,20952.75996787846,18337.95596051961,20132.62151387334,20974.77152467519
19220,20854.678068511188,18371.12935945392,20226.774227574468,21170.190626371652
18519,19633.30351849785,18404.043114459142,19354.46084793657,19661.63740861742
16466,18422.021613419056,18389.723791917782,18460.909806620333,18922.299988402054
16651,17878.18838905543,18427.963495755568,18144.030632611364,18002.82462854311
15564,16927.8770095855,17101.563250161707,16773.338578090068,16619.650394693017
17483,17173.756671629846,18072.376937657595,17798.37164080143,16504.760912381113
18057,16812.401813782748,17214.29484834894,16969.000461824242,16727.513066999614
16855,17668.12601211667,18662.417584002018,18558.24073136225,17858.48917422816
16827,17928.07184934616,18787.275436919186,18887.248641937967,17656.24078753963
17900,16972.67153646052,18021.357088081542,16864.846821658313,16597.524965383112
18747,17244.978089004755,18466.43174756691,16951.610085196793,17677.546188764274
19493,18569.175850406293,19064.002213845033,18527.560848485682,19330.874821157195
19020,19135.942414961755,18991.106505550444,18925.98894686252,19629.987679568236
17169,18933.591251030564,18970.207322617996,19180.371965833012,19788.29373553954
15680,17328.445327248424,18959.75280397572,18379.757392182943,18084.08361597359
15126,15032.137337595224,17958.160763077438,16784.27384312451,15354.285305194557
17664,15298.529235012831,16336.419380404055,16147.327064737678,15158.536703161895
21065,18195.47604420781,16754.30113775283,16777.596242159605,18688.39497005567
23573,21424.64576460049,20037.1498498898,19812.614349521697,21937.478511165828
25063,22980.661830544468,20224.754012398418,22373.36920647323,24410.462624818087
26854,24425.0006409809,24010.7701035738,23745.99957555532,25755.774102047086
26037,24967.040519252416,25037.703961312767,24450.93525184691,26435.668920710683
24863,25720.30485805869,26054.16505160928,25303.083561286334,27032.157087147236
23793,24499.293988384303,23879.156544826925,24444.15428967774,25406.815581172705
23560,23503.537548810244,22359.793267056342,23663.359080955386,25179.079314246774
23904,22868.549961611632,21206.24952559173,22883.10929237306,25271.336488574743
25266,22890.991314150397,20909.698785040528,22825.057669118047,25136.45595662296
25284,22959.42927853018,22036.96089645475,23204.81490905583,25050.953466191888
25157,23634.728319354355,23839.606577135626,24473.314996436242,25751.929298833013
24597,23059.616943448786,24030.739546634257,24090.929929271344,25034.707070350647
24223,22714.253582201894,23076.92527347058,23751.181650847204,24695.45165552199
21761,21907.510039515797,21564.97714017332,23028.279811784625,23486.569376423955
20356,21516.64322200417,21182.091763902456,22598.27734734118,22894.118136569858
18221,19164.79347607866,17909.150325387716,19750.902454920117,20152.659718412906
14264,18394.464903201908,17840.541552238166,18325.603566657748,19431.744589729235
11852,16274.467185601592,17441.283644419163,16541.77327491343,16895.112675756216
10245,13109.939533159135,12750.740661561491,13006.80724184215,12974.050499513745
8895,11516.266849040983,11848.955615609882,11453.141183391212,10446.973000362515
7634,10483.60607983172,11632.893325150013,10820.93909305334,8258.526077121496
4822,9680.139729678629,10239.24676182866,9604.904452204704,6031.221764653921
3521,8973.577720314264,8851.191046923399,8628.924748361109,4290.202136218548
2971,6976.126535594462,6384.875920802355,6888.4785702228555,3015.0869317650795
3225,6236.115205436945,6801.0279838740835,6450.166332125664,2981.027955055237
4324,6703.993419647217,6957.029823154211,6646.858616113664,3281.837089627981
4948,7518.5275941193095,8585.134635448456,7001.052352786064,4142.072099387646
6401,8836.399299442768,8989.655351251364,8248.032287061214,6059.866249352694
7537,9759.46974593401,10415.836751490833,8881.251054555178,7756.803784072399
10085,10975.92542310059,11295.725573062895,10291.869877994059,8796.925830721855
11421,12219.884523987772,11794.356373369696,11431.973743095994,10282.110127672553
15063,14268.517023667693,14276.069399118423,13656.246126905084,12396.940515011549
14932,15410.911478169262,15088.583942376077,14631.350472301245,13902.724057614803
16512,17405.21846761182,18671.381394654512,17242.70969014615,15794.834408223629
16893,17430.041945531964,17598.40960979089,17034.441535241902,16773.99144716561
19945,17472.192878216505,19084.299660840068,17207.37285945192,16789.839289210737
19851,17777.552533604205,19001.149185270067,17666.850347988307,17899.092462666333
20385,19700.33639825834,18924.42787149921,20113.96715234965,20039.782494800165
20321,20005.2755465433,19095.995937339958,19933.69207297265,20597.626855967566
19563,19867.472049518954,19189.344024943188,19735.6277711913,20617.005329882726
18692,19785.57924476033,19237.416802781634,19880.717119939625,21142.958014845848
19016,19198.530835933983,19379.05360627593,19054.771167762574,20038.158315085806
19252,18397.482524801046,19188.936492737383,18409.065549246967,18977.207708360627
19325,18698.058950673792,19192.87458381802,19098.826691225167,19466.039879277116
19139,18967.98104199022,19188.55713667907,19302.58053093404,19277.96038114559
19092,18991.92302986607,19188.039381720126,18958.35896061733,18937.389410311356
19901,18946.682940285653,19221.461037332192,18566.70656875521,18942.316513366997
21433,19161.316568676386,19754.126196717374,18487.160632696003,19819.465770308394
22997,20158.801388613883,19987.384349843487,19411.722663119435,22194.394609592855
24210,21492.0009181723,20006.94808557816,20999.29849608988,23760.184878908098
26175,22549.379030279808,21803.61305047572,22398.470796108246,24391.144006967545
24935,23272.707161314785,23316.646184436977,23351.7110350132,24865.749458879232
21243,24850.07943314314,24953.647359818217,24827.553114190698,25814.494361341
20206,23353.167435258627,22673.408095687628,23519.5427685082,23425.503343358636
20188,20380.75263988972,21622.583492703736,20037.776221707463,20567.28902860172
21588,20344.77440036647,21434.22872054577,19510.039899013937,20984.871432632208
24357,20838.714748058468,20925.659477666017,20403.300857402384,21205.85126377642
25009,22092.438708931208,20813.20277940482,21594.167920954525,23430.589356966317
25641,24016.198026701808,23158.448941498995,24096.093901753422,25984.662525221705
25928,23840.15199727565,23522.88974445313,24272.006495952606,26003.233672216535
25026,24177.4196067974,23634.8097819984,24482.712106600404,26404.546102955937
23773,23978.859521612525,23636.477576345205,24596.179934382442,26011.867544561625
22667,22985.14869954437,21654.540061641484,23636.11084845662,24671.21316114068
20864,21824.623259108517,20816.754433892667,22432.09997707605,23466.50825139135
19498,20801.390112057332,20327.35891338997,21342.80310754478,21917.25504480675
17494,19111.720344500616,19895.413626932073,19295.0275715217,19589.257528892806
15262,17967.716418817643,19925.92600407172,17914.93826084584,18272.418533436954
12727,15997.51609442383,18949.35660849884,16050.732515580952,15801.705300480127
10682,14132.056291610004,15832.828994177282,14238.410883069038,13210.295671001077
5804,12020.62105704844,12688.489186435938,12211.81651043892,9981.212814897299
3732,10640.068080857396,10251.06205700338,10698.49460746348,7381.024490594864
3050,6769.804724723101,5891.0090792775145,7253.16726487875,4195.487067490816
2793,5842.116309851407,5377.301558226347,6588.969334185123,2508.968575745821
3690,6495.809939175843,6998.572851806879,6900.907609045506,2065.1706023216248
4009,6499.725985705853,6822.047097921372,6572.284383177757,2335.8823557198048
5014,7344.018843621016,7556.834307551384,7373.560293346643,3946.2335672676563
5354,8197.214780181646,8710.613969504833,7732.8473431468,5716.622960716486
7694,9191.131448715923,9056.994299888609,8733.248321354391,6424.392602682114
9298,9656.777761667967,10369.631373375654,9114.675691485403,7255.6362545490265
12036,11773.789829567075,11671.574357971547,11637.49611052871,9432.09269413352
13457,14058.515086755157,14271.418144926429,13308.921530604362,11907.882013350725
16776,16055.915758796034,15326.56698360294,15120.750591501594,13538.732613116503
16838,16828.089942328632,17723.543238576498,16129.604413956404,15369.731673635542
18681,18416.734863009304,19781.36534131365,18233.87531555444,17558.83847349137
19382,18570.113546755165,19654.26318251633,18087.437891438603,18288.169875826687
19841,18959.68542940542,19768.084922967013,18658.914544317868,18751.522241599858
19688,19481.041515333112,19800.117224425543,19370.549866124988,19943.87986715138
19900,19691.839975876268,19800.117224425543,19308.5953354761,19766.932711971924
19767,19461.07572203269,19800.117224425543,19125.15766603127,19559.74843999266
19114,19466.522331932094,19800.117224425543,19434.74067774415,19924.50613792427
18144,19349.047505599912,19800.117224425543,19437.402958706018,19862.802035560366
18343,18726.284150939435,19800.117224425543,18733.402058955282,19259.649352548644
17879,17857.888569716364,19777.154905139003,17977.754134863615,18174.625549074262
17910,18217.909367274493,19800.117224425543,18507.87433482334,18323.304363824427
17868,18000.938578546047,19793.848871053666,18053.9056480974,17856.67276165262
19079,18284.00491566211,19800.117224425543,17788.845767103136,18298.721332095563
19687,18495.531284347177,19800.3356260662,17756.061578579247,18605.164747228846
19227,19780.923902837094,19808.943220139012,18912.307602375746,20273.00537299551
17843,20012.714779432863,19781.952149732504,19387.140799313784,20079.132382646203
16231,19265.466267101467,20215.120543774217,18435.71376119554,18910.250962594524
14905,17901.963509902358,20445.547705780715,17222.471040785313,16979.01160761714
14598,16778.549559481442,17869.902703817934,16325.673026949167,15657.25451374799
13551,16305.368097946048,16705.456837140024,16017.071216724811,15084.241311892867
13933,16574.35804054886,16067.105047129096,16281.585677579043,15339.631080672145
12374,15389.569725334644,14821.192010708151,14621.059900879858,13624.506061732769
10625,15528.761353842916,15571.830274172129,14610.917655706406,14023.517099782825
9964,13704.859762683509,13819.020168930292,12795.557378977537,11077.305245637894
8190,11733.864374563098,12252.620243698359,10959.312299370768,8680.307530075312
6663,11346.673303380609,12973.393542706965,10824.545055970551,7476.9413523077965
5151,9963.94507020712,10713.691040337086,9255.8951266706,5545.175336956978
4092,8628.519479006529,8916.844682365656,8044.540354132652,3927.7605258226395
3207,7595.171386986972,8101.833995223044,7154.038614332676,2542.831341356039
2626,6999.993046432734,7140.655382245779,6622.164047718048,1644.1903446912766
1994,6509.116088330746,6634.928280502559,6275.23712927103,1103.870525330305
1987,6220.670588880777,6145.840580761434,6068.164343774319,819.4964061975479
1912,5859.796331435442,5919.944376856089,5891.060467898847,664.0575059056282
2156,6102.8411518633375,6333.470948547125,6115.292381227016,770.2170541882515
2175,6299.70745640993,6404.512213766575,6280.6703080534935,1135.8272402584553
2757,6656.390037447214,5954.370081454516,6594.126883089542,1726.7157988548279
4689,6911.757615685463,6597.004645884037,6708.702486038208,2463.1381009817123
6715,7736.637253969909,7920.478878855705,7239.327374815941,3527.071766078472
11577,10024.008441194892,10274.712502047421,9455.699926018717,6722.714060813189
13954,11965.687788769605,12587.424119204285,11582.613646909596,10222.301947906613
17717,15850.200684033334,16356.844021536408,15489.304528027771,14770.665608689189
18686,17534.228871509433,17928.854065917432,17256.6700222902,17793.67045789212
18923,19158.91203376837,18311.926455892626,18821.406240906566,18401.80223479122
17326,19412.259597567376,18590.67775471136,19167.495320439342,19343.421017277054
15926,18760.4326927606,17806.284174572676,18378.448880214244,18384.993410928175
13785,17229.628366209567,18705.514753473923,16930.725574299693,16805.456174440682
13905,15986.701125480236,16281.984231375158,16149.474875524642,15499.997740976512
13575,14838.081348277627,15879.632348977031,15085.676689520478,14043.34201234579
14094,15243.537570573391,15647.187307640908,16169.625638663767,13938.937268689275
14488,15392.80808442086,16294.417941890657,15572.421827279033,14564.235764920712
14428,15351.833542391658,16428.630713745948,15135.265541180966,14353.579791009426
14402,15422.627499870958,16915.111024916172,15307.427058003845,13840.76981894672
14747,15495.36984524876,16495.14510859549,14997.902004480362,14307.404194936156
13915,15778.378662146628,16422.252977065742,15032.977658346297,14923.913193054497
11432,16289.709167480469,17014.404352635145,15584.269532322884,15304.094097137451
9659,15290.812766350806,15647.084822379053,14904.89560741186,14294.35148511827
7681,12079.768776237965,12613.81100833416,12694.130255550146,11291.114612221718
6257,10136.475942745805,11469.231077522041,11082.973760947583,9059.939802229404
5520,9960.035447254775,10067.987173706291,9548.477410137653,8218.427769482136
5159,10938.294937208297,8788.798253089191,8278.7907127738,8468.300269007683
5283,10499.263258412479,8643.804090082645,7694.4320128560075,7838.274603575468
5821,8991.745933800936,8936.323305696249,7375.799202144145,6305.5552479326725
5586,8851.247107237577,9235.677207946776,7563.159779667854,4796.829706758261
4729,9436.923224538565,10005.084581390025,8275.47147500515,3705.8375966846943
4402,8480.342725247145,9455.933510661123,8137.829388618469,2733.452760487795
3877,6991.374941051005,8159.850580781698,7503.278020739554,1880.6492461264133
3384,7452.016703039408,8291.20223274827,7430.008358031511,1414.7331429123878
3203,8291.817728281021,8076.8602931797495,7270.6137018203735,1167.729062795639
2611,7916.718166112901,7061.279816985129,7010.185512304305,1139.754966020584
1783,7332.966786265373,7566.196380019188,6983.577885687351,1540.116707265377
866,6729.371223121882,6439.037191838026,6651.670459747314,2017.2787430882454
297,5925.520042270422,5570.824098616839,6197.843529701233,2181.035592496395
189,5098.086155921221,5155.32140085101,5795.148277878761,2243.395684480667
109,4801.574978768826,4455.058001369238,5632.423872590065,2308.575143098831
80,5107.949267446996,4916.025613933802,5719.917672097683,2369.7194270193577
40,5273.732463628055,4970.3620734512815,5761.738666474819,2433.312845915556
39,5277.059876859188,5133.525617867708,5808.301429092885,2448.222553640604
26,5359.328387916088,5286.6356792747965,5840.804732084273,2450.8503808677197
32,5460.899165898562,5486.1917109787455,5895.622375965118,2440.606526374817
8,5434.754036873579,5434.067298024893,5935.331765174866,2434.3920069634914
11,5390.473396211863,5733.765737622976,5967.92850202322,2466.4164614379406
9,5361.375757306814,5565.786845803261,5971.042185306549,2516.4304371476173
20,5347.283595830202,5725.130113393067,5981.966939032078,2599.5235019922256
21,5320.51829957962,5757.163911253214,5988.6638107299805,2746.958624511957
37,5281.306445658207,5931.623608976603,5996.921027839185,3138.314509868622
69,5210.919217437506,6479.736979931593,5996.171221137047,3695.626444041729
107,5131.251671373844,5573.672663331032,6002.020180583,4160.904861181974
216,5076.271686166525,6651.571186274289,6018.555637419224,4511.788703471422
332,5039.096690326929,4856.0924663841715,6035.541912615299,4676.503249913454
570,5069.723140716553,6300.341638714075,6095.316222608089,4738.559681862593
1049,5124.400633811952,6023.160758644342,6156.732632637024,4823.756176412106
1589,5265.374805122614,6384.749785095453,6291.78192949295,4964.38931414485
2285,5678.312743514775,6894.304171204567,6620.1038311719885,5233.225382864475
2945,6164.800646185875,7409.431886881591,6990.405564785004,5631.832903444767
3544,6685.931487172842,8021.86278912425,7451.6254487633705,6087.626616179943
3876,7191.630558758975,8739.588976472616,7866.639954626558,6481.803036093712
4535,7623.207383692265,8646.697035878897,8177.786377549171,6678.136767655611
4923,7806.3996432721615,8983.223598122597,8217.098672866821,6736.921846687794
5157,8288.322134107351,9447.69731616974,8640.867931127548,6811.047597110271
5273,8728.026536673307,9644.922173142431,8861.418550491333,7038.067343145609
5584,8801.747017741201,9590.42337229848,8837.604596197605,7068.795402854681
5773,8730.873933464289,9563.30653116107,8767.321313142776,7131.4614907205105
6569,8948.323716700077,9491.589038401842,8955.707327246666,7337.827682673931
7007,9150.17004582286,9327.279761314392,9055.975870847702,7684.147281050682
7400,9746.492951124908,10476.394153997302,9829.83361569047,8279.185470819473
7962,10178.114741101861,10607.401268616319,10189.315708667042,8943.46865990758
8760,10335.293846979735,10878.173754021524,10330.049871757628,9172.65373557806
9776,10708.461664155126,11673.399237990381,10771.211258530617,9440.668754279613
10863,11443.124489963056,12528.022376716135,11533.708030328156,9809.387367978692
12687,12345.65875865519,13515.512547776103,12450.277232259512,10273.994813233614
12541,13230.080874174831,14195.097866788508,13299.903995484114,10867.621567800641
11967,14703.59294654429,15374.762502871456,14883.953576296568,11989.168884947896
10813,14586.352726787329,14545.495269060137,14369.298285558818,12040.838391810656
10419,13578.056003704667,13582.486520409586,13398.457443848252,11211.15858912468
10132,12491.346084088089,12638.32221278548,12504.611355930569,10383.553018063307
10566,12327.899318292737,12454.720012158157,12335.429503202438,9709.231528967619
11073,12447.483559936285,12463.508634328842,12167.396886914968,9408.861533522606
10559,12858.76479925215,12592.17055913806,12452.692497462034,9584.876904964447
9121,13257.710433602331,13003.841300845146,12889.245843201876,9663.04250177741
8700,12643.05697348714,12159.001854866743,12076.16806897521,8376.295950055122
6884,11077.93183644116,10732.569351136684,10609.424695581198,6472.3416901528835
5502,10635.031412005423,11022.475338563325,10343.093238189816,5809.4249712228775
4001,9257.964686602354,9381.381468266247,8855.223885774612,3943.0077633559704
3039,7890.349963754414,7891.246928781271,7742.326207935809,2535.972128331661
2431,6913.129925459622,7168.956497520207,6851.868849217892,1388.6370666623116
2005,6422.307859748602,6572.80410900712,6312.0804349184045,647.4367906749249
1661,6069.595049709082,6438.717180877924,6096.584587216377,294.9470539689064
1300,5665.103531986475,6255.084614247084,5937.434026956557,139.25471433997154
1279,5300.883174538612,6091.850994437933,5877.608328342438,37.23078215122223
1407,4893.565282642841,5919.442169874906,5816.460540652275,7.869192600250244
1353,4915.551437109709,6102.212809175253,5972.537127017975,154.88386276364326
1887,5341.050389647484,6392.918240040541,6233.5119045972815,631.759757399559
3714,5567.243246048689,6238.848145753144,6278.9207590818405,1222.2675730288029
6019,6402.164688110352,6864.23365226388,6750.0282809734335,1957.592027336359
11208,8715.77035048604,9145.596458524467,8752.701250374317,4478.782025575638
14063,10974.543769940734,11293.382719099522,11231.524250134828,7916.386475920677
17572,15299.521969743071,16011.466353230178,15460.952608093618,12736.006726279855
18746,17524.297728456557,16846.451447106898,17483.942769691348,16549.198930695653
18397,19185.90383412689,16928.755579821765,18794.327065292746,16901.77480173856
17430,19674.07287101773,16585.756387136877,19136.69514147192,18095.096109930426
15997,18762.062967574224,17304.104201614857,17952.874742619693,16600.198341615498
13900,17420.013718862087,17399.411845382303,16937.482594043016,14828.806286089122
14138,16174.078637890518,16431.917541645467,16225.109874717893,13281.084664806724
13361,14790.173138119282,14983.308511964975,14987.830418661235,11246.560677528381
14156,15036.033529430628,15970.472832448782,16342.98865649104,11373.74576343596
14075,14830.029101692142,15625.734018139541,15170.53302643448,12359.72055412829
13887,15035.100358784199,15914.353830128908,15209.287346437572,12742.359644591808
13593,14934.802909083664,16162.401741616428,14983.511730603874,11394.900356575847
14093,14847.987672962248,15462.698361314831,14479.265263512732,11355.662224382162
14699,14934.527863167226,15740.515759535134,14418.252954915166,12251.99715666473
15372,15631.343261346221,16320.918703533709,15118.239848576486,12823.848566904664
16220,16093.567267306147,17060.985802024603,15872.976354591548,13577.121665135026
15107,16076.538654893635,16904.080866120756,16308.476525574924,14004.32812140882
14057,16086.886162571609,17659.24585396424,16934.358107469976,14465.725529715419
13802,14772.755315296352,16495.310077749193,15812.635017879309,13126.156730920076
15961,14731.055200971665,15362.8274955675,14900.72612154484,12300.448451116681
18422,16496.190399870276,16358.74832033366,15402.447830632329,14371.154699504375
21270,18953.644054610282,18493.389313176278,18016.76364608854,17709.92977962643
22262,20291.37103850022,18295.920068271455,19919.4696880579,18986.024652669206
22786,22082.05674751848,19842.495500662833,21672.22694477439,20713.704627152532
22169,22438.129088677466,21395.38374050334,22113.68965573609,21109.442414410412
21155,22249.90775174648,20995.96641116589,22086.97516414523,21104.522391889244
20120,21318.813818778846,19778.16727557825,21286.43621352315,20236.039654396474
20428,20324.775394249707,18798.611226620156,20217.878156468272,19751.418950711843
20309,19543.28109224094,19019.4102121545,19279.690695881844,19547.18270397
20059,19849.121567016,18117.191611208018,19941.087362751365,19900.6009213808
19055,19582.57382484479,17806.587104655802,19766.30940595269,19330.071198743302
15481,19002.263165028766,17881.30499214679,19087.92777780071,18599.79346837662
12535,17840.709879171103,18136.384239342064,17919.144536294043,16945.447538368404
10134,14596.833085730672,15442.03546384722,14926.985415063798,13075.958223342896
7568,12025.000769093633,12472.944285959004,12821.923245489597,9984.414676383138
5619,10383.074753507972,11193.096656650305,11130.88080318272,7474.040231049061
4342,8753.555002242327,9166.690319657326,8862.313179671764,5061.844330728054
3604,7596.783121019602,7776.0172888338575,7457.438202589749,3255.3404157161713
2822,6996.754395365715,7366.029524475336,6775.701569020748,2042.698591798544
2379,6710.654085725546,7094.034223467112,6395.769140601158,1367.9321239590645
2121,6165.683596134186,6509.661508470774,6027.17958241701,971.8122798204422
2130,5845.033782035112,6342.954485028982,5975.564383983612,878.4788642525673
1968,5772.753350287676,6295.662938326596,6123.8579300642,979.1982262134552
2339,6088.545771747828,6360.11361286044,6381.91289961338,1231.1040800511837
4306,6428.143972039223,6581.391848385335,6470.782512664795,1933.1310435831547
6575,7387.937428086996,7913.048551380633,6894.6825783252725,3381.353490680456
11896,10012.679586037992,9884.060290426016,9157.318903803824,7127.320035010576
15030,12334.585094720125,13162.378701418638,11688.213759973645,11475.796557858586
18687,16645.124551832676,16792.036152772605,15928.070212312043,15324.73422010243
19710,18905.94190990366,19633.781057663382,18211.47016863525,18576.559387957677
19585,20399.960086049512,19295.850008448582,19506.0724638626,19460.252153680194
18438,20313.628589123487,19504.2507043886,19705.778573699296,20135.442121425644
17398,19183.993038756773,19666.65944649384,18736.85765175894,19115.92968574725
16241,17755.02504672855,19595.079732176036,17685.590989839286,17741.39319298789
15905,16856.716616198417,18678.383459286764,17270.534730721265,16798.677548117936
14690,16378.139349423347,17644.941276453435,16915.081534855068,15931.128711223602
16203,16423.95055345446,17090.175706863403,17164.163934327662,15777.002556622028
16711,15765.760127782822,16135.163436464964,15898.679132699966,15746.69845303893
16013,16446.828125312924,18249.354385845363,17461.590763278306,16440.41681084037
15725,16840.568325906992,18861.1722743921,17757.124242711812,16256.301015980542
16432,16321.376821413634,17327.652745358646,16220.128974199297,15802.540657557547
17190,16387.76099282503,17530.154571384188,16022.181756719949,16466.613620467484
17571,17370.992769863456,19113.263207561336,17149.164588496093,17441.885708834976
18184,17941.967507742345,19593.363396020726,17748.09575831145,17876.59504981339
16484,17503.5434409976,19570.714554623817,17653.640406508,17632.783341806382
14774,17109.908061511815,18957.980261515826,18006.076272755858,17398.684959173203
13800,15093.170668810606,18010.82388061285,16507.88656687736,14949.32574224472
15971,14704.792987644672,15541.998595528303,15321.603893913327,13608.433686450124
19384,16924.553100123998,16024.2510246709,15505.7918080315,16188.82016467303
21649,19907.214505554643,19544.239158813027,18581.09903248772,20063.85211478453
23102,21591.413958020512,19900.151124953758,21347.353044398133,22556.862790241838
23464,22727.865143276747,21952.69406878203,22366.16779194772,23714.050452128053
23343,23335.024624101818,23228.045777685944,23043.521209701896,24459.55072940141
23197,22857.446223653853,22237.77332155406,22834.881655216217,24000.456173688173
23120,22222.448125146333,21653.679740205407,22474.466391593218,23249.80535504967
23208,22081.586074464023,21783.464185211807,22380.485946565863,23386.745519585907
23188,22276.892617560923,21819.85156283528,22287.584078624845,23796.925699293613
22638,22424.921921014786,21807.356828331947,22256.984490469098,23934.472015976906
21501,22142.168587319557,21626.12463588268,22050.737426683307,23541.63987568021
20719,21252.167448606346,20546.242249373347,21213.60656588525,22320.235707864165
17877,19881.050324782263,18836.504568230357,19739.67812889069,20391.71352623962
14367,18921.684346878897,18763.779157739133,18894.983797371387,19075.553594871424
11118,16261.572437398137,18108.971767641604,16048.964279837905,14979.095228977501
8733,13291.551592633128,12916.85554793477,13381.866510659456,11424.122963264585
6954,10785.799203410743,11075.05465760827,10984.458854049444,8625.638212442398
5898,9420.997423619032,9926.003332778811,9487.065671801569,6466.697117269039
4541,8568.477714598179,8933.57401445508,8378.089880108833,4653.887584835291
3834,8108.43509721756,8272.566849976778,7712.660958349705,3407.349125534296
3143,7165.321920484304,7443.424291968346,6853.742198050022,2404.678872525692
3295,6809.371627300978,7072.341217726468,6546.214001238346,1891.7830581068993
2652,6463.671028226614,6686.307558447123,6423.628780901432,1639.8655250370502
2541,6766.824184685946,6914.575814396143,6846.141353785993,1839.600248992443
4585,6454.834521204233,6617.633673578501,6640.07064640522,2436.5713516771793
6626,6709.4861625134945,7577.716774582863,6711.297611415385,3478.134615570307
11854,9802.40377113223,10081.983565479517,9121.622498750688,6986.250093996525
15913,12476.320751965046,13442.158794596791,11607.181495636702,11877.686526626348
19574,16608.915136508644,17185.0811470747,15815.956883475183,15427.326054953039
20898,19697.945951424077,19670.351580245537,18856.726428695023,19480.865295794094
20859,21292.110860429704,19172.21986181289,20191.9371220246,20813.95572490059
19707,21176.808809243146,19815.436033753213,20494.84910234064,21073.322637192905
18495,20113.54494810849,19198.728616430424,19808.550560705364,20363.715341048315
17096,18710.64113342762,19182.1640710067,18667.30417472124,19060.621550614946
16561,17684.4198548384,19122.649258952588,18005.137408483773,17922.962185293436
16496,17014.17222789675,17845.916042879224,17403.146133862436,16926.10556205362
17310,16958.203887671232,17580.470309253782,17639.854532893747,16556.484727673233
17354,17076.335816800594,18314.954004839066,17719.473026182506,17125.0151482597
16305,17397.797629512846,18620.199276747186,18141.144694354385,17760.363185759634
16685,17215.43109164387,18931.08233298548,17636.847422603518,16792.69661334902
18077,16455.097605615854,17372.269309934232,16350.25693462044,16083.465899445117
18375,17031.04638246447,18467.268856529143,16983.791041381653,17525.480104718357
18633,18542.83451028168,19789.806871304754,18733.932442083955,19221.499104329385
18401,18684.03642661869,19433.960121813696,18400.86731225997,18996.74056712538
17079,18257.563134141266,19367.66131828958,18126.795443780717,18628.448756365106
15582,17071.583245269954,19106.18015475385,17924.450557436794,17405.9046224989
14719,15332.01067369431,17947.03950627148,16866.96893813461,15378.5950428918
17569,15144.316654093564,16222.267733581364,15999.133084110916,15135.025824941695
21013,17404.061201699078,16758.699244588614,16092.875272803009,17302.589551199228
23696,21338.71990200505,19842.26352191484,19752.35973110795,21513.431579161435
25758,22960.001852884892,21086.80660265684,22366.552622646093,23889.342295140028
27289,24474.31795049459,24800.24064591527,23792.960599988703,25601.06924149394
28107,25574.186568960547,26347.393196612597,24823.93430411816,26647.996192738414
27308,26081.108456149697,26584.808627158403,25427.73658967018,26906.10313487053
26570,26279.097718864683,27358.00824727118,25810.348817899823,26792.479389339685
25935,25595.671100407842,26499.27051506937,25183.68209962547,26380.05475319922
26432,25283.90859799087,25862.726086229086,24826.180804416537,26460.665397256613
26739,24922.776229515668,24868.598023593422,24464.939819082618,26257.299600034952
26874,25216.90133954585,25149.28442518413,25160.005960270762,26385.004411771894
26928,24974.77801053226,25841.109579458836,25402.192941099405,26220.09890988469
26000,24645.613452255726,26114.77676254511,25413.508949100968,26099.88749347627
25778,24244.29430595785,25794.913544729352,25285.72004689276,25773.06754104793
23304,23097.726569838822,24029.02445139736,24263.11276069284,24519.466066122055
21318,22884.30028206855,24157.547393344346,24110.929446354512,24372.912725627422
19024,20273.04603132233,19139.92503311485,21498.651656903327,21654.270855341107
17022,19196.367112193257,18769.530887577683,19452.562310017645,20585.61607964523
14733,16763.334439836442,18431.66654228978,17343.289193302393,17973.076310418546
12593,15389.356287367642,16199.179643563926,15687.739353448153,15500.994563437998
11048,13159.449550002813,14697.468941181896,13911.367857307196,12802.55557486415
9364,11548.1038518399,13042.201738744972,12151.902049660684,10096.907872244716
5209,10498.31724061072,12191.4631126225,11145.38932928443,7770.252419859171
3683,9533.030457735062,10594.079352498056,9835.392930179834,5496.414542853832
3329,6717.827470093966,6580.126987546682,7087.097927510738,3426.5229209065437
3714,5910.24944627285,7055.908538132907,6676.822854042053,2918.3221578001976
4531,6821.06721034646,7880.037201792002,7106.800792098044,3242.1440513432026
4803,7690.240336447954,9324.032934784891,7341.790446132421,4274.66642165184
7049,8476.08681306243,9256.822457700968,8176.894084215163,6006.078713744879
8363,9040.544101446867,9736.752471536398,8364.356271058321,7101.974933385849
11899,11042.313098281622,12328.029541730879,10897.360396549106,9064.462000906467
13522,12933.519476324322,13175.6521487236,12375.183273494244,11623.731551513076
18164,15440.882723636923,16419.574345178902,15087.112067148091,13945.162883371115
17645,16984.327410116788,17425.66705117002,16477.638523608446,16062.66898278892
20056,19576.71515703713,19316.692547105253,19270.033430822194,18295.428518589586
20270,19683.562028130047,19331.054279858246,18762.835183802992,19164.643032969907
22865,20042.032571863383,19515.070363273844,19574.6377318725,19733.5346703073
22951,20428.460989188403,19611.234920513933,20020.41913089156,21091.445155683905
23387,21870.53665642068,20777.06825715676,22125.00391185284,22476.200757563114
23069,22165.659318864346,21357.20914838463,22207.272422909737,22885.825005821884
23298,22125.31720725447,21068.41735970229,22442.815672546625,23155.797463826835
21817,21821.343876719475,20936.99285852537,22261.200693264604,23288.524053394794
21565,21844.363643229008,20688.857717772946,22583.336689651005,23367.244705714285
21729,20399.29517276585,19572.07463770185,20882.559023410082,21667.726206686348
22838,20035.16503738612,19572.07463770185,20642.730663508177,21476.262130957097
21068,20154.34466663189,19512.64028004557,20928.923823043704,21541.395602598786
19920,21352.55001071096,21035.036654397845,22096.10306800902,22648.983901515603
20715,19592.689718750767,19571.921019301863,19644.008866898715,19901.23189189611
23595,20126.44568191841,20212.888642515987,18220.352516643703,20329.177004855126
26044,21516.210652444508,20331.369342714548,19860.846366390582,23816.380964159966
27286,24073.216913856566,22124.812080465254,22970.522505179048,26147.471604943275
28804,25331.57971973717,26334.365013182163,24758.18548293412,26828.710703223944
27773,25826.717261716723,27133.974296927445,25481.585441246632,27373.931128382683
24985,26698.105354189876,27785.49325323105,26229.81603100896,27845.874883294106
23291,25314.378546670083,25534.644776731733,25200.24558661878,25985.64650052786
23719,23408.00610175729,22953.284250549965,23122.53179895878,24014.080289937556
24670,22772.756023816764,22186.487769447267,22015.92513950169,23492.279644988477
25721,23848.952298678458,21556.801385708157,23237.52201464772,24396.780696369708
27309,24422.19879319519,23166.562796033922,24195.27627676725,25570.73477190733
26591,24899.345937997103,25014.206514209513,24932.06238697469,26619.58120495081
26288,25738.1186068505,26369.367671847343,25932.62979424,27522.367161095142
